{
    "accuracy": 0.630057803468208,
    "recall": 0.3230174081237911,
    "precision": 0.8308457711442786,
    "f1_score": 0.46518105849582175,
    "roc_auc": 0.7221605527237086
}